UserName,FirstName,LastName,Email
warnet0,Wallache,Arnet,warnet0@topsy.com
rkeating1,Rafael,Keating,rkeating1@goodreads.com
ndewar2,Nananne,Dewar,ndewar2@zdnet.com
bind3,Broddie,Ind,bind3@deviantart.com
dextill4,Danna,Extill,dextill4@plala.or.jp
asampson5,Alexis,Sampson,asampson5@geocities.jp
ftreharne6,Fay,Treharne,ftreharne6@google.cn
rambrogini7,Rozamond,Ambrogini,rambrogini7@g.co
mgibbieson8,Milzie,Gibbieson,mgibbieson8@canalblog.com
ccornely9,Cody,Cornely,ccornely9@zimbio.com
hlimprechta,Halie,Limprecht,hlimprechta@cbslocal.com
slornsenb,Stevie,Lornsen,slornsenb@cdbaby.com
eboobierc,Eustacia,Boobier,eboobierc@icio.us
vklousnerd,Vere,Klousner,vklousnerd@omniture.com
emitchesone,Ellynn,Mitcheson,emitchesone@dropbox.com
hsorbeyf,Husein,Sorbey,hsorbeyf@eventbrite.com
tkobischg,Tulley,Kobisch,tkobischg@google.ca
amenhcih,Annabella,Menhci,amenhcih@army.mil
lsodeaui,Lauri,Sodeau,lsodeaui@boston.com
kpetcheyj,Kaylee,Petchey,kpetcheyj@reverbnation.com
ctomeik,Carolyn,Tomei,ctomeik@forbes.com
rternottl,Roberta,Ternott,rternottl@artisteer.com
zgiraudym,Zitella,Giraudy,zgiraudym@weebly.com
kfidgen,Kristan,Fidge,kfidgen@networksolutions.com
kscardefieldo,Kristian,Scardefield,kscardefieldo@4shared.com
rerasmusp,Richard,Erasmus,rerasmusp@wp.com
corbineq,Candy,Orbine,corbineq@taobao.com
ehickissonr,Ermentrude,Hickisson,ehickissonr@nydailynews.com
corrices,Claudell,Orrice,corrices@tumblr.com
bhainningt,Brennan,Hainning,bhainningt@msu.edu
shalahanu,Shellie,Halahan,shalahanu@arstechnica.com
jzaniolov,Jenda,Zaniolo,jzaniolov@disqus.com
rsutorw,Raymund,Sutor,rsutorw@imgur.com
lpashbyx,Lillis,Pashby,lpashbyx@drupal.org
mrathmelly,Miguel,Rathmell,mrathmelly@chronoengine.com
jmiddlemassz,Joshua,Middlemass,jmiddlemassz@uol.com.br
ablunsen10,Alvira,Blunsen,ablunsen10@ox.ac.uk
alanmeid11,Ania,Lanmeid,alanmeid11@1688.com
adroogan12,Abbe,Droogan,adroogan12@aol.com
cellery13,Candide,Ellery,cellery13@sciencedaily.com
pcarlisle14,Pansie,Carlisle,pcarlisle14@wordpress.org
rluckcuck15,Rutherford,Luckcuck,rluckcuck15@yelp.com
mmorphet16,Merell,Morphet,mmorphet16@alexa.com
rmanderson17,Rosco,Manderson,rmanderson17@cbc.ca
tdimitrescu18,Trula,Dimitrescu,tdimitrescu18@desdev.cn
mruse19,Malachi,Ruse,mruse19@live.com
ymacilriach1a,Yolande,MacIlriach,ymacilriach1a@webeden.co.uk
amcduall1b,Agnes,McDuall,amcduall1b@fc2.com
teaglestone1c,Ted,Eaglestone,teaglestone1c@histats.com
rheritege1d,Ron,Heritege,rheritege1d@smugmug.com
dstride1e,Diahann,Stride,dstride1e@csmonitor.com
mshearsby1f,Marlane,Shearsby,mshearsby1f@cbsnews.com
bgladyer1g,Bryan,Gladyer,bgladyer1g@devhub.com
rbulpitt1h,Rhoda,Bulpitt,rbulpitt1h@sina.com.cn
mgrzelewski1i,Myrwyn,Grzelewski,mgrzelewski1i@sogou.com
lburgott1j,Latashia,Burgott,lburgott1j@technorati.com
gantonelli1k,Gerta,Antonelli,gantonelli1k@ameblo.jp
mbrodeau1l,Marianna,Brodeau,mbrodeau1l@tinyurl.com
mbierton1m,Merrily,Bierton,mbierton1m@samsung.com
erosenshine1n,Emmye,Rosenshine,erosenshine1n@uol.com.br
bonthank1o,Binky,Onthank,bonthank1o@google.com.hk
jbowld1p,Jerry,Bowld,jbowld1p@skyrock.com
bvandervelden1q,Bobbie,Van der Velden,bvandervelden1q@fc2.com
adunkerly1r,Andree,Dunkerly,adunkerly1r@behance.net
vrusbridge1s,Vinson,Rusbridge,vrusbridge1s@dailymotion.com
aepgrave1t,Aggi,Epgrave,aepgrave1t@blogtalkradio.com
tchurchyard1u,Thomasine,Churchyard,tchurchyard1u@bandcamp.com
rsare1v,Rubia,Sare,rsare1v@smugmug.com
awiffield1w,Annetta,Wiffield,awiffield1w@yellowpages.com
gsmallbone1x,Gabriel,Smallbone,gsmallbone1x@google.es
imauchline1y,Ignacio,Mauchline,imauchline1y@unc.edu
jpaylie1z,Josselyn,Paylie,jpaylie1z@slashdot.org
hkubera20,Hube,Kubera,hkubera20@is.gd
ccaldow21,Carolynn,Caldow,ccaldow21@alibaba.com
eruncieman22,Edie,Runcieman,eruncieman22@jalbum.net
wjansie23,Wolfgang,Jansie,wjansie23@thetimes.co.uk
jmussared24,Johannah,Mussared,jmussared24@ed.gov
gbliven25,Gwenneth,Bliven,gbliven25@cbsnews.com
phundall26,Pierre,Hundall,phundall26@zimbio.com
scarle27,Sammy,Carle,scarle27@sciencedirect.com
gwhalley28,Georgi,Whalley,gwhalley28@ebay.com
kgosden29,Kevon,Gosden,kgosden29@hhs.gov
khuxham2a,Kleon,Huxham,khuxham2a@typepad.com
esalerg2b,Erin,Salerg,esalerg2b@indiegogo.com
cmccart2c,Cash,McCart,cmccart2c@fastcompany.com
yloader2d,Yance,Loader,yloader2d@paginegialle.it
hmclorinan2e,Harmony,McLorinan,hmclorinan2e@oaic.gov.au
chargrave2f,Cymbre,Hargrave,chargrave2f@photobucket.com
snuccitelli2g,Stephine,Nuccitelli,snuccitelli2g@tripadvisor.com
efawkes2h,Eldredge,Fawkes,efawkes2h@seesaa.net
bklishin2i,Barbara-anne,Klishin,bklishin2i@shop-pro.jp
wbuzza2j,Wallis,Buzza,wbuzza2j@histats.com
cenos2k,Calhoun,Enos,cenos2k@parallels.com
kmacnulty2l,Kizzee,MacNulty,kmacnulty2l@i2i.jp
bmcowis2m,Bobinette,M'cowis,bmcowis2m@sfgate.com
rgibbons2n,Reed,Gibbons,rgibbons2n@gov.uk
bpenswick2o,Babbie,Penswick,bpenswick2o@studiopress.com
slurcock2p,Samara,Lurcock,slurcock2p@last.fm
iwetherburn2q,Iormina,Wetherburn,iwetherburn2q@prweb.com
aboig2r,Alice,Boig,aboig2r@netvibes.com
